event,kind,period,index,mean,clear_fraction,scene
izmit_1999,level,pre,NDVI,0.5537622570991516,0.995,LE07_L2SP_179032_19990810_02_T1
izmit_1999,level,pre,NDBI,-0.17219005525112152,0.995,LE07_L2SP_179032_19990810_02_T1
izmit_1999,level,pre,MNDWI,-0.42339780926704407,0.995,LE07_L2SP_179032_19990810_02_T1
izmit_1999,level,post,NDVI,0.5522013306617737,0.997,LE07_L2SP_179032_19990927_02_T1
izmit_1999,level,post,NDBI,-0.1707528680562973,0.997,LE07_L2SP_179032_19990927_02_T1
izmit_1999,level,post,MNDWI,-0.4094306528568268,0.997,LE07_L2SP_179032_19990927_02_T1
izmit_1999,level,y3,NDVI,0.5657446980476379,0.808,LE07_L2SP_179032_20020919_02_T1
izmit_1999,level,y3,NDBI,-0.26321282982826233,0.808,LE07_L2SP_179032_20020919_02_T1
izmit_1999,level,y3,MNDWI,-0.35264861583709717,0.808,LE07_L2SP_179032_20020919_02_T1
izmit_1999,change,pre->post,NDVI,-0.0029839498456567526,0.993,
izmit_1999,change,pre->post,NDBI,0.002073792042210698,0.993,
izmit_1999,change,pre->post,MNDWI,0.014823518693447113,0.993,
izmit_1999,change,pre->y3,NDVI,0.01066594384610653,0.805,
izmit_1999,change,pre->y3,NDBI,-0.08471783995628357,0.805,
izmit_1999,change,pre->y3,MNDWI,0.059999484568834305,0.805,
izmit_1999,change,post->y3,NDVI,0.018869977444410324,0.807,
izmit_1999,change,post->y3,NDBI,-0.090453140437603,0.807,
izmit_1999,change,post->y3,MNDWI,0.04461177438497543,0.807,
turkey_2023,level,pre,NDVI,0.3548685610294342,0.885,LC09_L2SP_174034_20220416_02_T1
turkey_2023,level,pre,NDBI,-0.04254884272813797,0.885,LC09_L2SP_174034_20220416_02_T1
turkey_2023,level,pre,MNDWI,-0.3726557791233063,0.885,LC09_L2SP_174034_20220416_02_T1
turkey_2023,level,post,NDVI,0.45294255018234253,0.704,LC09_L2SP_174034_20230403_02_T1
turkey_2023,level,post,NDBI,-0.10169503092765808,0.704,LC09_L2SP_174034_20230403_02_T1
turkey_2023,level,post,MNDWI,-0.3989638388156891,0.704,LC09_L2SP_174034_20230403_02_T1
turkey_2023,level,y3,NDVI,0.32444846630096436,0.875,LC09_L2SP_174034_20260310_02_T1
turkey_2023,level,y3,NDBI,-0.06548008322715759,0.875,LC09_L2SP_174034_20260310_02_T1
turkey_2023,level,y3,MNDWI,-0.3227292597293854,0.875,LC09_L2SP_174034_20260310_02_T1
turkey_2023,change,pre->post,NDVI,0.08740092813968658,0.657,
turkey_2023,change,pre->post,NDBI,-0.0655275359749794,0.657,
turkey_2023,change,pre->post,MNDWI,-0.009073734283447266,0.657,
turkey_2023,change,pre->y3,NDVI,-0.037930604070425034,0.792,
turkey_2023,change,pre->y3,NDBI,0.01236729882657528,0.792,
turkey_2023,change,pre->y3,MNDWI,0.01832841895520687,0.792,
turkey_2023,change,post->y3,NDVI,-0.12787608802318573,0.658,
turkey_2023,change,post->y3,NDBI,0.09606766700744629,0.658,
turkey_2023,change,post->y3,MNDWI,0.010782528668642044,0.658,
